{
  "id": "2744244",
  "name": "first-icon",
  "font_family": "iconfont",
  "css_prefix_text": "icon-",
  "description": "第一次使用iconfont",
  "glyphs": [
    {
      "icon_id": "9600571",
      "name": "已赞",
      "font_class": "yizan",
      "unicode": "e629",
      "unicode_decimal": 58921
    },
    {
      "icon_id": "28558645",
      "name": "点赞 (1)",
      "font_class": "dianzan",
      "unicode": "ec36",
      "unicode_decimal": 60470
    },
    {
      "icon_id": "7450657",
      "name": "展开",
      "font_class": "zhankai",
      "unicode": "e668",
      "unicode_decimal": 58984
    },
    {
      "icon_id": "775396",
      "name": "历史记录",
      "font_class": "lishijilu",
      "unicode": "e685",
      "unicode_decimal": 59013
    },
    {
      "icon_id": "1279424",
      "name": "个人中心",
      "font_class": "gerenzhongxin",
      "unicode": "e65b",
      "unicode_decimal": 58971
    },
    {
      "icon_id": "12959364",
      "name": "修改密码",
      "font_class": "xiugaimima",
      "unicode": "e634",
      "unicode_decimal": 58932
    },
    {
      "icon_id": "5767874",
      "name": "任务进程",
      "font_class": "assign",
      "unicode": "ec35",
      "unicode_decimal": 60469
    },
    {
      "icon_id": "9682270",
      "name": "人工客服",
      "font_class": "kefu",
      "unicode": "e654",
      "unicode_decimal": 58964
    },
    {
      "icon_id": "15644382",
      "name": "团队",
      "font_class": "group",
      "unicode": "e6cb",
      "unicode_decimal": 59083
    },
    {
      "icon_id": "21006383",
      "name": "数据定制",
      "font_class": "custom-made",
      "unicode": "e609",
      "unicode_decimal": 58889
    },
    {
      "icon_id": "8224841",
      "name": "收缩",
      "font_class": "shousuo",
      "unicode": "e60a",
      "unicode_decimal": 58890
    },
    {
      "icon_id": "936705",
      "name": "感叹号",
      "font_class": "gantanhao",
      "unicode": "e60e",
      "unicode_decimal": 58894
    },
    {
      "icon_id": "3105021",
      "name": "打钩 完成",
      "font_class": "check",
      "unicode": "e600",
      "unicode_decimal": 58880
    },
    {
      "icon_id": "8776842",
      "name": "search",
      "font_class": "search",
      "unicode": "e63c",
      "unicode_decimal": 58940
    },
    {
      "icon_id": "8776878",
      "name": "download",
      "font_class": "download",
      "unicode": "e640",
      "unicode_decimal": 58944
    },
    {
      "icon_id": "8776879",
      "name": "play",
      "font_class": "play",
      "unicode": "e641",
      "unicode_decimal": 58945
    },
    {
      "icon_id": "8776944",
      "name": "region",
      "font_class": "region",
      "unicode": "e642",
      "unicode_decimal": 58946
    },
    {
      "icon_id": "8777532",
      "name": "page_first",
      "font_class": "page_first",
      "unicode": "e659",
      "unicode_decimal": 58969
    },
    {
      "icon_id": "8777535",
      "name": "page_last",
      "font_class": "page_last",
      "unicode": "e65a",
      "unicode_decimal": 58970
    }
  ]
}
